timestamp,link_id,src_port,dst_port,tx_rate_bytes,utilization_pct
2026-09-10T01:59:27.763242,0000000000000002-0000000000000001,2,2,0.0,0.0
2026-09-10T01:59:27.779317,0000000000000001-0000000000000002,2,2,0.0,0.0
2026-09-10T01:59:27.797695,0000000000000003-0000000000000001,1,3,0.0,0.0
2026-09-10T01:59:27.814211,0000000000000003-0000000000000002,2,4,0.0,0.0
2026-09-10T01:59:27.832175,0000000000000001-0000000000000003,3,1,0.0,0.0
2026-09-10T01:59:27.845538,0000000000000002-0000000000000003,4,2,0.0,0.0
2026-09-10T01:59:27.861537,0000000000000004-0000000000000003,3,3,0.0,0.0
2026-09-10T01:59:27.877845,0000000000000004-0000000000000002,2,3,0.0,0.0
2026-09-10T01:59:27.892519,0000000000000004-0000000000000001,1,4,0.0,0.0
2026-09-10T01:59:27.907641,0000000000000003-0000000000000004,3,3,0.0,0.0
2026-09-10T01:59:27.921261,0000000000000002-0000000000000004,3,2,0.0,0.0
2026-09-10T01:59:27.936443,0000000000000001-0000000000000004,4,1,0.0,0.0
2026-09-10T01:59:27.950474,0000000000000005-0000000000000004,3,5,0.0,0.0
2026-09-10T01:59:27.964491,0000000000000005-0000000000000003,2,4,0.0,0.0
2026-09-10T01:59:27.979845,0000000000000004-0000000000000005,5,3,0.0,0.0
2026-09-10T01:59:27.995427,0000000000000003-0000000000000005,4,2,0.0,0.0
2026-09-10T01:59:28.008485,0000000000000006-0000000000000003,2,5,0.0,0.0
2026-09-10T01:59:28.025156,0000000000000006-0000000000000005,4,4,0.0,0.0
2026-09-10T01:59:28.038755,0000000000000006-0000000000000004,3,4,0.0,0.0
2026-09-10T01:59:28.054452,0000000000000003-0000000000000006,5,2,0.0,0.0
2026-09-10T01:59:28.070474,0000000000000005-0000000000000006,4,4,0.0,0.0
2026-09-10T01:59:28.084638,0000000000000004-0000000000000006,4,3,0.0,0.0
2026-09-10T01:59:30.177615,0000000000000002-0000000000000001,2,2,49.7,0.0
2026-09-10T01:59:30.203748,0000000000000001-0000000000000002,2,2,49.7,0.0
2026-09-10T01:59:30.223468,0000000000000003-0000000000000001,1,3,49.7,0.0
2026-09-10T01:59:30.239691,0000000000000003-0000000000000002,2,4,49.7,0.0
2026-09-10T01:59:30.258617,0000000000000001-0000000000000003,3,1,49.7,0.0
2026-09-10T01:59:30.278232,0000000000000002-0000000000000003,4,2,49.7,0.0
2026-09-10T01:59:30.296579,0000000000000004-0000000000000003,3,3,49.7,0.0
2026-09-10T01:59:30.312643,0000000000000004-0000000000000002,2,3,49.7,0.0
2026-09-10T01:59:30.331289,0000000000000004-0000000000000001,1,4,49.7,0.0
2026-09-10T01:59:30.348303,0000000000000003-0000000000000004,3,3,49.7,0.0
2026-09-10T01:59:30.364230,0000000000000002-0000000000000004,3,2,49.7,0.0
2026-09-10T01:59:30.382341,0000000000000001-0000000000000004,4,1,24.85,0.0
2026-09-10T01:59:30.399322,0000000000000005-0000000000000004,3,5,24.85,0.0
2026-09-10T01:59:30.416064,0000000000000005-0000000000000003,2,4,24.85,0.0
2026-09-10T01:59:30.435952,0000000000000004-0000000000000005,5,3,24.85,0.0
2026-09-10T01:59:30.451975,0000000000000003-0000000000000005,4,2,49.7,0.0
2026-09-10T01:59:30.468852,0000000000000006-0000000000000003,2,5,49.7,0.0
2026-09-10T01:59:30.489618,0000000000000006-0000000000000005,4,4,49.7,0.0
2026-09-10T01:59:30.508665,0000000000000006-0000000000000004,3,4,49.7,0.0
2026-09-10T01:59:30.527386,0000000000000003-0000000000000006,5,2,49.7,0.0
2026-09-10T01:59:30.547961,0000000000000005-0000000000000006,4,4,49.7,0.0
2026-09-10T01:59:30.565392,0000000000000004-0000000000000006,4,3,49.7,0.0
2026-09-10T01:59:32.651161,0000000000000002-0000000000000001,2,2,48.51,0.0
2026-09-10T01:59:32.677521,0000000000000001-0000000000000002,2,2,48.51,0.0
2026-09-10T01:59:32.695990,0000000000000003-0000000000000001,1,3,48.51,0.0
2026-09-10T01:59:32.713436,0000000000000003-0000000000000002,2,4,48.51,0.0
2026-09-10T01:59:32.733006,0000000000000001-0000000000000003,3,1,48.51,0.0
2026-09-10T01:59:32.750317,0000000000000002-0000000000000003,4,2,48.51,0.0
2026-09-10T01:59:32.768564,0000000000000004-0000000000000003,3,3,48.51,0.0
2026-09-10T01:59:32.786550,0000000000000004-0000000000000002,2,3,48.51,0.0
2026-09-10T01:59:32.807221,0000000000000004-0000000000000001,1,4,24.25,0.0
2026-09-10T01:59:32.824231,0000000000000003-0000000000000004,3,3,24.25,0.0
2026-09-10T01:59:32.845567,0000000000000002-0000000000000004,3,2,24.25,0.0
2026-09-10T01:59:32.862788,0000000000000001-0000000000000004,4,1,48.51,0.0
2026-09-10T01:59:32.880453,0000000000000005-0000000000000004,3,5,48.51,0.0
2026-09-10T01:59:32.898835,0000000000000005-0000000000000003,2,4,48.51,0.0
2026-09-10T01:59:32.919491,0000000000000004-0000000000000005,5,3,48.51,0.0
2026-09-10T01:59:32.936787,0000000000000003-0000000000000005,4,2,48.51,0.0
2026-09-10T01:59:32.956062,0000000000000006-0000000000000003,2,5,48.51,0.0
2026-09-10T01:59:32.974762,0000000000000006-0000000000000005,4,4,48.51,0.0
2026-09-10T01:59:32.998458,0000000000000006-0000000000000004,3,4,48.51,0.0
2026-09-10T01:59:33.017953,0000000000000003-0000000000000006,5,2,48.51,0.0
2026-09-10T01:59:33.034974,0000000000000005-0000000000000006,4,4,48.51,0.0
2026-09-10T01:59:33.053998,0000000000000004-0000000000000006,4,3,48.51,0.0
2026-09-10T01:59:35.127061,0000000000000002-0000000000000001,2,2,48.46,0.0
2026-09-10T01:59:35.147420,0000000000000001-0000000000000002,2,2,48.46,0.0
2026-09-10T01:59:35.166236,0000000000000003-0000000000000001,1,3,48.46,0.0
2026-09-10T01:59:35.186579,0000000000000003-0000000000000002,2,4,48.46,0.0
2026-09-10T01:59:35.218172,0000000000000001-0000000000000003,3,1,24.23,0.0
2026-09-10T01:59:35.238343,0000000000000002-0000000000000003,4,2,24.23,0.0
2026-09-10T01:59:35.254822,0000000000000004-0000000000000003,3,3,24.23,0.0
2026-09-10T01:59:35.286756,0000000000000004-0000000000000002,2,3,24.23,0.0
2026-09-10T01:59:35.305551,0000000000000004-0000000000000001,1,4,48.46,0.0
2026-09-10T01:59:35.328017,0000000000000003-0000000000000004,3,3,48.46,0.0
2026-09-10T01:59:35.347627,0000000000000002-0000000000000004,3,2,48.46,0.0
2026-09-10T01:59:35.367004,0000000000000001-0000000000000004,4,1,48.46,0.0
2026-09-10T01:59:35.384975,0000000000000005-0000000000000004,3,5,48.46,0.0
2026-09-10T01:59:35.399963,0000000000000005-0000000000000003,2,4,48.46,0.0
2026-09-10T01:59:35.416488,0000000000000004-0000000000000005,5,3,48.46,0.0
2026-09-10T01:59:35.435292,0000000000000003-0000000000000005,4,2,48.46,0.0
2026-09-10T01:59:35.451125,0000000000000006-0000000000000003,2,5,48.46,0.0
2026-09-10T01:59:35.467801,0000000000000006-0000000000000005,4,4,48.46,0.0
2026-09-10T01:59:35.483866,0000000000000006-0000000000000004,3,4,48.46,0.0
2026-09-10T01:59:35.500119,0000000000000003-0000000000000006,5,2,48.46,0.0
2026-09-10T01:59:35.516242,0000000000000005-0000000000000006,4,4,48.46,0.0
2026-09-10T01:59:35.532265,0000000000000004-0000000000000006,4,3,48.46,0.0
2026-09-10T01:59:37.601806,0000000000000002-0000000000000001,2,2,76.78,0.0
2026-09-10T01:59:37.618402,0000000000000001-0000000000000002,2,2,24.25,0.0
2026-09-10T01:59:37.633106,0000000000000003-0000000000000001,1,3,24.25,0.0
2026-09-10T01:59:37.649148,0000000000000003-0000000000000002,2,4,24.25,0.0
2026-09-10T01:59:37.669693,0000000000000001-0000000000000003,3,1,48.49,0.0
2026-09-10T01:59:37.687302,0000000000000002-0000000000000003,4,2,48.49,0.0
2026-09-10T01:59:37.702219,0000000000000004-0000000000000003,3,3,48.49,0.0
2026-09-10T01:59:37.717975,0000000000000004-0000000000000002,2,3,48.49,0.0
2026-09-10T01:59:37.732505,0000000000000004-0000000000000001,1,4,48.49,0.0
2026-09-10T01:59:37.748213,0000000000000003-0000000000000004,3,3,48.49,0.0
2026-09-10T01:59:37.762732,0000000000000002-0000000000000004,3,2,48.49,0.0
2026-09-10T01:59:37.777248,0000000000000001-0000000000000004,4,1,48.49,0.0
2026-09-10T01:59:37.793021,0000000000000005-0000000000000004,3,5,48.49,0.0
2026-09-10T01:59:37.808096,0000000000000005-0000000000000003,2,4,48.49,0.0
2026-09-10T01:59:37.825164,0000000000000004-0000000000000005,5,3,48.49,0.0
2026-09-10T01:59:37.850687,0000000000000003-0000000000000005,4,2,48.49,0.0
2026-09-10T01:59:37.865855,0000000000000006-0000000000000003,2,5,48.49,0.0
2026-09-10T01:59:37.882980,0000000000000006-0000000000000005,4,4,48.49,0.0
2026-09-10T01:59:37.901567,0000000000000006-0000000000000004,3,4,48.49,0.0
2026-09-10T01:59:37.917713,0000000000000003-0000000000000006,5,2,48.49,0.0
2026-09-10T01:59:37.935785,0000000000000005-0000000000000006,4,4,48.49,0.0
2026-09-10T01:59:37.952102,0000000000000004-0000000000000006,4,3,48.49,0.0
2026-09-10T01:59:40.088480,0000000000000002-0000000000000001,2,2,24.13,0.0
2026-09-10T01:59:40.112721,0000000000000001-0000000000000002,2,2,48.25,0.0
2026-09-10T01:59:40.135939,0000000000000003-0000000000000001,1,3,48.25,0.0
2026-09-10T01:59:40.156010,0000000000000003-0000000000000002,2,4,48.25,0.0
2026-09-10T01:59:40.185078,0000000000000001-0000000000000003,3,1,48.25,0.0
2026-09-10T01:59:40.204787,0000000000000002-0000000000000003,4,2,48.25,0.0
2026-09-10T01:59:40.226279,0000000000000004-0000000000000003,3,3,48.25,0.0
2026-09-10T01:59:40.261988,0000000000000004-0000000000000002,2,3,48.25,0.0
2026-09-10T01:59:40.289222,0000000000000004-0000000000000001,1,4,48.25,0.0
2026-09-10T01:59:40.313186,0000000000000003-0000000000000004,3,3,48.25,0.0
2026-09-10T01:59:40.340607,0000000000000002-0000000000000004,3,2,48.25,0.0
2026-09-10T01:59:40.368568,0000000000000001-0000000000000004,4,1,48.25,0.0
2026-09-10T01:59:40.394705,0000000000000005-0000000000000004,3,5,48.25,0.0
2026-09-10T01:59:40.415933,0000000000000005-0000000000000003,2,4,48.25,0.0
2026-09-10T01:59:40.437316,0000000000000004-0000000000000005,5,3,48.25,0.0
2026-09-10T01:59:40.464861,0000000000000003-0000000000000005,4,2,48.25,0.0
2026-09-10T01:59:40.487483,0000000000000006-0000000000000003,2,5,48.25,0.0
2026-09-10T01:59:40.504582,0000000000000006-0000000000000005,4,4,48.25,0.0
2026-09-10T01:59:40.520548,0000000000000006-0000000000000004,3,4,48.25,0.0
2026-09-10T01:59:40.536622,0000000000000003-0000000000000006,5,2,48.25,0.0
2026-09-10T01:59:40.556046,0000000000000005-0000000000000006,4,4,48.25,0.0
2026-09-10T01:59:40.574312,0000000000000004-0000000000000006,4,3,24.13,0.0
2026-09-10T01:59:42.659573,0000000000000002-0000000000000001,2,2,46.67,0.0
2026-09-10T01:59:42.680911,0000000000000001-0000000000000002,2,2,46.67,0.0
2026-09-10T01:59:42.701364,0000000000000003-0000000000000001,1,3,46.67,0.0
2026-09-10T01:59:42.718452,0000000000000003-0000000000000002,2,4,46.67,0.0
2026-09-10T01:59:42.739357,0000000000000001-0000000000000003,3,1,46.67,0.0
2026-09-10T01:59:42.761480,0000000000000002-0000000000000003,4,2,46.67,0.0
2026-09-10T01:59:42.782229,0000000000000004-0000000000000003,3,3,46.67,0.0
2026-09-10T01:59:42.801437,0000000000000004-0000000000000002,2,3,46.67,0.0
2026-09-10T01:59:42.819179,0000000000000004-0000000000000001,1,4,46.67,0.0
2026-09-10T01:59:42.836099,0000000000000003-0000000000000004,3,3,46.67,0.0
2026-09-10T01:59:42.853847,0000000000000002-0000000000000004,3,2,46.67,0.0
2026-09-10T01:59:42.871162,0000000000000001-0000000000000004,4,1,46.67,0.0
2026-09-10T01:59:42.887607,0000000000000005-0000000000000004,3,5,46.67,0.0
2026-09-10T01:59:42.906064,0000000000000005-0000000000000003,2,4,46.67,0.0
2026-09-10T01:59:42.922808,0000000000000004-0000000000000005,5,3,46.67,0.0
2026-09-10T01:59:42.942079,0000000000000003-0000000000000005,4,2,46.67,0.0
2026-09-10T01:59:42.960943,0000000000000006-0000000000000003,2,5,46.67,0.0
2026-09-10T01:59:42.980770,0000000000000006-0000000000000005,4,4,46.67,0.0
2026-09-10T01:59:43.009824,0000000000000006-0000000000000004,3,4,46.67,0.0
2026-09-10T01:59:43.028233,0000000000000003-0000000000000006,5,2,23.34,0.0
2026-09-10T01:59:43.048030,0000000000000005-0000000000000006,4,4,23.34,0.0
2026-09-10T01:59:43.066267,0000000000000004-0000000000000006,4,3,46.67,0.0
2026-09-10T01:59:45.152441,0000000000000002-0000000000000001,2,2,48.15,0.0
2026-09-10T01:59:45.173549,0000000000000001-0000000000000002,2,2,48.15,0.0
2026-09-10T01:59:45.195114,0000000000000003-0000000000000001,1,3,48.15,0.0
2026-09-10T01:59:45.221217,0000000000000003-0000000000000002,2,4,48.15,0.0
2026-09-10T01:59:45.245856,0000000000000001-0000000000000003,3,1,48.15,0.0
2026-09-10T01:59:45.267530,0000000000000002-0000000000000003,4,2,48.15,0.0
2026-09-10T01:59:45.291782,0000000000000004-0000000000000003,3,3,48.15,0.0
2026-09-10T01:59:45.311342,0000000000000004-0000000000000002,2,3,48.15,0.0
2026-09-10T01:59:45.333438,0000000000000004-0000000000000001,1,4,48.15,0.0
2026-09-10T01:59:45.357400,0000000000000003-0000000000000004,3,3,48.15,0.0
2026-09-10T01:59:45.382359,0000000000000002-0000000000000004,3,2,48.15,0.0
2026-09-10T01:59:45.404279,0000000000000001-0000000000000004,4,1,48.15,0.0
2026-09-10T01:59:45.427213,0000000000000005-0000000000000004,3,5,48.15,0.0
2026-09-10T01:59:45.446212,0000000000000005-0000000000000003,2,4,48.15,0.0
2026-09-10T01:59:45.467678,0000000000000004-0000000000000005,5,3,48.15,0.0
2026-09-10T01:59:45.487625,0000000000000003-0000000000000005,4,2,48.15,0.0
2026-09-10T01:59:45.506198,0000000000000006-0000000000000003,2,5,24.07,0.0
2026-09-10T01:59:45.526569,0000000000000006-0000000000000005,4,4,24.07,0.0
2026-09-10T01:59:45.546203,0000000000000006-0000000000000004,3,4,48.15,0.0
2026-09-10T01:59:45.566975,0000000000000003-0000000000000006,5,2,48.15,0.0
2026-09-10T01:59:45.587687,0000000000000005-0000000000000006,4,4,48.15,0.0
2026-09-10T01:59:45.607908,0000000000000004-0000000000000006,4,3,48.15,0.0
2026-09-10T01:59:47.705617,0000000000000002-0000000000000001,2,2,47.01,0.0
2026-09-10T01:59:47.735765,0000000000000001-0000000000000002,2,2,47.01,0.0
2026-09-10T01:59:47.767573,0000000000000003-0000000000000001,1,3,47.01,0.0
2026-09-10T01:59:47.791316,0000000000000003-0000000000000002,2,4,47.01,0.0
2026-09-10T01:59:47.860406,0000000000000001-0000000000000003,3,1,47.01,0.0
2026-09-10T01:59:47.902464,0000000000000002-0000000000000003,4,2,47.01,0.0
2026-09-10T01:59:47.940087,0000000000000004-0000000000000003,3,3,47.01,0.0
2026-09-10T01:59:47.964919,0000000000000004-0000000000000002,2,3,47.01,0.0
2026-09-10T01:59:47.988868,0000000000000004-0000000000000001,1,4,47.01,0.0
2026-09-10T01:59:48.010799,0000000000000003-0000000000000004,3,3,47.01,0.0
2026-09-10T01:59:48.039748,0000000000000002-0000000000000004,3,2,47.01,0.0
2026-09-10T01:59:48.062022,0000000000000001-0000000000000004,4,1,47.01,0.0
2026-09-10T01:59:48.081546,0000000000000005-0000000000000004,3,5,47.01,0.0
2026-09-10T01:59:48.099139,0000000000000005-0000000000000003,2,4,47.01,0.0
2026-09-10T01:59:48.116883,0000000000000004-0000000000000005,5,3,23.5,0.0
2026-09-10T01:59:48.137575,0000000000000003-0000000000000005,4,2,23.5,0.0
2026-09-10T01:59:48.155729,0000000000000006-0000000000000003,2,5,47.01,0.0
2026-09-10T01:59:48.176881,0000000000000006-0000000000000005,4,4,47.01,0.0
2026-09-10T01:59:48.196830,0000000000000006-0000000000000004,3,4,23.5,0.0
2026-09-10T01:59:48.213503,0000000000000003-0000000000000006,5,2,47.01,0.0
2026-09-10T01:59:48.231830,0000000000000005-0000000000000006,4,4,47.01,0.0
2026-09-10T01:59:48.249628,0000000000000004-0000000000000006,4,3,47.01,0.0
2026-09-10T01:59:50.335509,0000000000000002-0000000000000001,2,2,45.61,0.0
2026-09-10T01:59:50.355185,0000000000000001-0000000000000002,2,2,45.61,0.0
2026-09-10T01:59:50.371086,0000000000000003-0000000000000001,1,3,45.61,0.0
2026-09-10T01:59:50.391327,0000000000000003-0000000000000002,2,4,45.61,0.0
2026-09-10T01:59:50.407396,0000000000000001-0000000000000003,3,1,45.61,0.0
2026-09-10T01:59:50.426728,0000000000000002-0000000000000003,4,2,45.61,0.0
2026-09-10T01:59:50.443353,0000000000000004-0000000000000003,3,3,45.61,0.0
2026-09-10T01:59:50.459771,0000000000000004-0000000000000002,2,3,45.61,0.0
2026-09-10T01:59:50.477291,0000000000000004-0000000000000001,1,4,45.61,0.0
2026-09-10T01:59:50.506330,0000000000000003-0000000000000004,3,3,45.61,0.0
2026-09-10T01:59:50.535952,0000000000000002-0000000000000004,3,2,45.61,0.0
2026-09-10T01:59:50.559199,0000000000000001-0000000000000004,4,1,45.61,0.0
2026-09-10T01:59:50.584039,0000000000000005-0000000000000004,3,5,45.61,0.0
2026-09-10T01:59:50.607303,0000000000000005-0000000000000003,2,4,45.61,0.0
2026-09-10T01:59:50.627973,0000000000000004-0000000000000005,5,3,45.61,0.0
2026-09-10T01:59:50.648276,0000000000000003-0000000000000005,4,2,45.61,0.0
2026-09-10T01:59:50.668785,0000000000000006-0000000000000003,2,5,45.61,0.0
2026-09-10T01:59:50.692584,0000000000000006-0000000000000005,4,4,45.61,0.0
2026-09-10T01:59:50.710567,0000000000000006-0000000000000004,3,4,45.61,0.0
2026-09-10T01:59:50.732179,0000000000000003-0000000000000006,5,2,45.61,0.0
2026-09-10T01:59:50.749033,0000000000000005-0000000000000006,4,4,45.61,0.0
2026-09-10T01:59:50.768375,0000000000000004-0000000000000006,4,3,45.61,0.0
2026-09-10T01:59:52.859977,0000000000000002-0000000000000001,2,2,47.53,0.0
2026-09-10T01:59:52.886477,0000000000000001-0000000000000002,2,2,47.53,0.0
2026-09-10T01:59:52.903104,0000000000000003-0000000000000001,1,3,47.53,0.0
2026-09-10T01:59:52.922299,0000000000000003-0000000000000002,2,4,47.53,0.0
2026-09-10T01:59:52.938372,0000000000000001-0000000000000003,3,1,47.53,0.0
2026-09-10T01:59:52.958265,0000000000000002-0000000000000003,4,2,47.53,0.0
2026-09-10T01:59:52.976849,0000000000000004-0000000000000003,3,3,47.53,0.0
2026-09-10T01:59:52.993351,0000000000000004-0000000000000002,2,3,47.53,0.0
2026-09-10T01:59:53.010658,0000000000000004-0000000000000001,1,4,47.53,0.0
2026-09-10T01:59:53.029742,0000000000000003-0000000000000004,3,3,47.53,0.0
2026-09-10T01:59:53.046656,0000000000000002-0000000000000004,3,2,47.53,0.0
2026-09-10T01:59:53.065252,0000000000000001-0000000000000004,4,1,23.77,0.0
2026-09-10T01:59:53.094197,0000000000000005-0000000000000004,3,5,23.77,0.0
2026-09-10T01:59:53.115002,0000000000000005-0000000000000003,2,4,23.77,0.0
2026-09-10T01:59:53.135951,0000000000000004-0000000000000005,5,3,47.53,0.0
2026-09-10T01:59:53.156679,0000000000000003-0000000000000005,4,2,47.53,0.0
2026-09-10T01:59:53.176942,0000000000000006-0000000000000003,2,5,47.53,0.0
2026-09-10T01:59:53.197781,0000000000000006-0000000000000005,4,4,47.53,0.0
2026-09-10T01:59:53.219282,0000000000000006-0000000000000004,3,4,47.53,0.0
2026-09-10T01:59:53.238150,0000000000000003-0000000000000006,5,2,47.53,0.0
2026-09-10T01:59:53.266863,0000000000000005-0000000000000006,4,4,47.53,0.0
2026-09-10T01:59:53.288780,0000000000000004-0000000000000006,4,3,47.53,0.0
2026-09-10T01:59:55.377791,0000000000000002-0000000000000001,2,2,47.66,0.0
2026-09-10T01:59:55.400749,0000000000000001-0000000000000002,2,2,47.66,0.0
2026-09-10T01:59:55.420100,0000000000000003-0000000000000001,1,3,47.66,0.0
2026-09-10T01:59:55.440876,0000000000000003-0000000000000002,2,4,47.66,0.0
2026-09-10T01:59:55.466586,0000000000000001-0000000000000003,3,1,47.66,0.0
2026-09-10T01:59:55.487518,0000000000000002-0000000000000003,4,2,47.66,0.0
2026-09-10T01:59:55.505979,0000000000000004-0000000000000003,3,3,47.66,0.0
2026-09-10T01:59:55.523215,0000000000000004-0000000000000002,2,3,47.66,0.0
2026-09-10T01:59:55.543226,0000000000000004-0000000000000001,1,4,23.83,0.0
2026-09-10T01:59:55.560834,0000000000000003-0000000000000004,3,3,23.83,0.0
2026-09-10T01:59:55.579036,0000000000000002-0000000000000004,3,2,23.83,0.0
2026-09-10T01:59:55.600271,0000000000000001-0000000000000004,4,1,47.66,0.0
2026-09-10T01:59:55.617754,0000000000000005-0000000000000004,3,5,47.66,0.0
2026-09-10T01:59:55.637606,0000000000000005-0000000000000003,2,4,47.66,0.0
2026-09-10T01:59:55.654500,0000000000000004-0000000000000005,5,3,47.66,0.0
2026-09-10T01:59:55.673790,0000000000000003-0000000000000005,4,2,47.66,0.0
2026-09-10T01:59:55.695103,0000000000000006-0000000000000003,2,5,47.66,0.0
2026-09-10T01:59:55.714962,0000000000000006-0000000000000005,4,4,47.66,0.0
2026-09-10T01:59:55.733701,0000000000000006-0000000000000004,3,4,47.66,0.0
2026-09-10T01:59:55.753502,0000000000000003-0000000000000006,5,2,47.66,0.0
2026-09-10T01:59:55.769916,0000000000000005-0000000000000006,4,4,47.66,0.0
2026-09-10T01:59:55.791765,0000000000000004-0000000000000006,4,3,47.66,0.0
2026-09-10T01:59:57.890051,0000000000000002-0000000000000001,2,2,47.77,0.0
2026-09-10T01:59:57.912122,0000000000000001-0000000000000002,2,2,47.77,0.0
2026-09-10T01:59:57.934313,0000000000000003-0000000000000001,1,3,47.77,0.0
2026-09-10T01:59:57.955456,0000000000000003-0000000000000002,2,4,47.77,0.0
2026-09-10T01:59:57.980089,0000000000000001-0000000000000003,3,1,47.77,0.0
2026-09-10T01:59:58.004018,0000000000000002-0000000000000003,4,2,23.88,0.0
2026-09-10T01:59:58.023694,0000000000000004-0000000000000003,3,3,23.88,0.0
2026-09-10T01:59:58.044115,0000000000000004-0000000000000002,2,3,23.88,0.0
2026-09-10T01:59:58.063675,0000000000000004-0000000000000001,1,4,47.77,0.0
2026-09-10T01:59:58.079796,0000000000000003-0000000000000004,3,3,47.77,0.0
2026-09-10T01:59:58.098217,0000000000000002-0000000000000004,3,2,47.77,0.0
2026-09-10T01:59:58.115108,0000000000000001-0000000000000004,4,1,47.77,0.0
2026-09-10T01:59:58.131645,0000000000000005-0000000000000004,3,5,47.77,0.0
2026-09-10T01:59:58.151401,0000000000000005-0000000000000003,2,4,47.77,0.0
2026-09-10T01:59:58.168128,0000000000000004-0000000000000005,5,3,47.77,0.0
2026-09-10T01:59:58.189615,0000000000000003-0000000000000005,4,2,47.77,0.0
2026-09-10T01:59:58.208148,0000000000000006-0000000000000003,2,5,47.77,0.0
2026-09-10T01:59:58.225760,0000000000000006-0000000000000005,4,4,47.77,0.0
2026-09-10T01:59:58.245931,0000000000000006-0000000000000004,3,4,47.77,0.0
2026-09-10T01:59:58.268244,0000000000000003-0000000000000006,5,2,47.77,0.0
2026-09-10T01:59:58.290354,0000000000000005-0000000000000006,4,4,47.77,0.0
2026-09-10T01:59:58.316978,0000000000000004-0000000000000006,4,3,47.77,0.0
2026-09-10T02:00:00.404576,0000000000000002-0000000000000001,2,2,47.74,0.0
2026-09-10T02:00:00.429479,0000000000000001-0000000000000002,2,2,47.74,0.0
2026-09-10T02:00:00.451100,0000000000000003-0000000000000001,1,3,23.87,0.0
2026-09-10T02:00:00.473897,0000000000000003-0000000000000002,2,4,23.87,0.0
2026-09-10T02:00:00.495787,0000000000000001-0000000000000003,3,1,23.87,0.0
2026-09-10T02:00:00.515992,0000000000000002-0000000000000003,4,2,47.74,0.0
2026-09-10T02:00:00.537565,0000000000000004-0000000000000003,3,3,47.74,0.0
2026-09-10T02:00:00.565290,0000000000000004-0000000000000002,2,3,47.74,0.0
2026-09-10T02:00:00.587878,0000000000000004-0000000000000001,1,4,47.74,0.0
2026-09-10T02:00:00.608640,0000000000000003-0000000000000004,3,3,47.74,0.0
2026-09-10T02:00:00.629999,0000000000000002-0000000000000004,3,2,47.74,0.0
2026-09-10T02:00:00.649402,0000000000000001-0000000000000004,4,1,47.74,0.0
2026-09-10T02:00:00.668578,0000000000000005-0000000000000004,3,5,47.74,0.0
2026-09-10T02:00:00.690065,0000000000000005-0000000000000003,2,4,47.74,0.0
2026-09-10T02:00:00.711252,0000000000000004-0000000000000005,5,3,47.74,0.0
2026-09-10T02:00:00.731478,0000000000000003-0000000000000005,4,2,47.74,0.0
2026-09-10T02:00:00.757691,0000000000000006-0000000000000003,2,5,47.74,0.0
2026-09-10T02:00:00.778855,0000000000000006-0000000000000005,4,4,47.74,0.0
2026-09-10T02:00:00.800880,0000000000000006-0000000000000004,3,4,47.74,0.0
2026-09-10T02:00:00.823190,0000000000000003-0000000000000006,5,2,47.74,0.0
2026-09-10T02:00:00.845932,0000000000000005-0000000000000006,4,4,47.74,0.0
2026-09-10T02:00:00.867152,0000000000000004-0000000000000006,4,3,47.74,0.0
2026-09-10T02:00:02.970463,0000000000000002-0000000000000001,2,2,46.77,0.0
2026-09-10T02:00:02.994023,0000000000000001-0000000000000002,2,2,23.38,0.0
2026-09-10T02:00:03.022559,0000000000000003-0000000000000001,1,3,46.77,0.0
2026-09-10T02:00:03.046809,0000000000000003-0000000000000002,2,4,46.77,0.0
2026-09-10T02:00:03.071057,0000000000000001-0000000000000003,3,1,46.77,0.0
2026-09-10T02:00:03.094826,0000000000000002-0000000000000003,4,2,46.77,0.0
2026-09-10T02:00:03.115621,0000000000000004-0000000000000003,3,3,46.77,0.0
2026-09-10T02:00:03.135042,0000000000000004-0000000000000002,2,3,46.77,0.0
2026-09-10T02:00:03.153805,0000000000000004-0000000000000001,1,4,46.77,0.0
2026-09-10T02:00:03.174207,0000000000000003-0000000000000004,3,3,46.77,0.0
2026-09-10T02:00:03.195274,0000000000000002-0000000000000004,3,2,46.77,0.0
2026-09-10T02:00:03.218179,0000000000000001-0000000000000004,4,1,46.77,0.0
2026-09-10T02:00:03.235539,0000000000000005-0000000000000004,3,5,46.77,0.0
2026-09-10T02:00:03.254390,0000000000000005-0000000000000003,2,4,46.77,0.0
2026-09-10T02:00:03.273805,0000000000000004-0000000000000005,5,3,46.77,0.0
2026-09-10T02:00:03.293007,0000000000000003-0000000000000005,4,2,46.77,0.0
2026-09-10T02:00:03.310273,0000000000000006-0000000000000003,2,5,46.77,0.0
2026-09-10T02:00:03.329354,0000000000000006-0000000000000005,4,4,46.77,0.0
2026-09-10T02:00:03.346859,0000000000000006-0000000000000004,3,4,46.77,0.0
2026-09-10T02:00:03.363931,0000000000000003-0000000000000006,5,2,46.77,0.0
2026-09-10T02:00:03.383084,0000000000000005-0000000000000006,4,4,46.77,0.0
2026-09-10T02:00:03.402046,0000000000000004-0000000000000006,4,3,46.77,0.0
2026-09-10T02:00:05.492925,0000000000000002-0000000000000001,2,2,23.78,0.0
2026-09-10T02:00:05.513407,0000000000000001-0000000000000002,2,2,47.56,0.0
2026-09-10T02:00:05.538842,0000000000000003-0000000000000001,1,3,47.56,0.0
2026-09-10T02:00:05.561141,0000000000000003-0000000000000002,2,4,47.56,0.0
2026-09-10T02:00:05.589631,0000000000000001-0000000000000003,3,1,47.56,0.0
2026-09-10T02:00:05.610824,0000000000000002-0000000000000003,4,2,47.56,0.0
2026-09-10T02:00:05.630531,0000000000000004-0000000000000003,3,3,47.56,0.0
2026-09-10T02:00:05.652818,0000000000000004-0000000000000002,2,3,47.56,0.0
2026-09-10T02:00:05.671853,0000000000000004-0000000000000001,1,4,47.56,0.0
2026-09-10T02:00:05.692676,0000000000000003-0000000000000004,3,3,47.56,0.0
2026-09-10T02:00:05.712812,0000000000000002-0000000000000004,3,2,47.56,0.0
2026-09-10T02:00:05.735105,0000000000000001-0000000000000004,4,1,47.56,0.0
2026-09-10T02:00:05.754988,0000000000000005-0000000000000004,3,5,47.56,0.0
2026-09-10T02:00:05.774869,0000000000000005-0000000000000003,2,4,47.56,0.0
2026-09-10T02:00:05.796895,0000000000000004-0000000000000005,5,3,47.56,0.0
2026-09-10T02:00:05.816649,0000000000000003-0000000000000005,4,2,47.56,0.0
2026-09-10T02:00:05.839531,0000000000000006-0000000000000003,2,5,47.56,0.0
2026-09-10T02:00:05.859330,0000000000000006-0000000000000005,4,4,47.56,0.0
2026-09-10T02:00:05.880148,0000000000000006-0000000000000004,3,4,47.56,0.0
2026-09-10T02:00:05.899349,0000000000000003-0000000000000006,5,2,47.56,0.0
2026-09-10T02:00:05.918736,0000000000000005-0000000000000006,4,4,47.56,0.0
2026-09-10T02:00:05.939703,0000000000000004-0000000000000006,4,3,47.56,0.0
2026-09-10T02:00:08.026585,0000000000000002-0000000000000001,2,2,47.36,0.0
2026-09-10T02:00:08.049341,0000000000000001-0000000000000002,2,2,47.36,0.0
2026-09-10T02:00:08.067674,0000000000000003-0000000000000001,1,3,47.36,0.0
2026-09-10T02:00:08.086272,0000000000000003-0000000000000002,2,4,47.36,0.0
2026-09-10T02:00:08.109568,0000000000000001-0000000000000003,3,1,47.36,0.0
2026-09-10T02:00:08.128670,0000000000000002-0000000000000003,4,2,47.36,0.0
2026-09-10T02:00:08.149330,0000000000000004-0000000000000003,3,3,47.36,0.0
2026-09-10T02:00:08.169402,0000000000000004-0000000000000002,2,3,47.36,0.0
2026-09-10T02:00:08.187263,0000000000000004-0000000000000001,1,4,47.36,0.0
2026-09-10T02:00:08.210288,0000000000000003-0000000000000004,3,3,47.36,0.0
2026-09-10T02:00:08.229550,0000000000000002-0000000000000004,3,2,47.36,0.0
2026-09-10T02:00:08.249457,0000000000000001-0000000000000004,4,1,47.36,0.0
2026-09-10T02:00:08.270844,0000000000000005-0000000000000004,3,5,47.36,0.0
2026-09-10T02:00:08.290750,0000000000000005-0000000000000003,2,4,47.36,0.0
2026-09-10T02:00:08.310899,0000000000000004-0000000000000005,5,3,47.36,0.0
2026-09-10T02:00:08.332284,0000000000000003-0000000000000005,4,2,47.36,0.0
2026-09-10T02:00:08.353886,0000000000000006-0000000000000003,2,5,47.36,0.0
2026-09-10T02:00:08.373863,0000000000000006-0000000000000005,4,4,47.36,0.0
2026-09-10T02:00:08.396775,0000000000000006-0000000000000004,3,4,47.36,0.0
2026-09-10T02:00:08.417147,0000000000000003-0000000000000006,5,2,23.68,0.0
2026-09-10T02:00:08.437333,0000000000000005-0000000000000006,4,4,23.68,0.0
2026-09-10T02:00:08.463207,0000000000000004-0000000000000006,4,3,23.68,0.0
2026-09-10T02:00:10.557229,0000000000000002-0000000000000001,2,2,47.43,0.0
2026-09-10T02:00:10.587429,0000000000000001-0000000000000002,2,2,47.43,0.0
2026-09-10T02:00:10.610880,0000000000000003-0000000000000001,1,3,75.09,0.0
2026-09-10T02:00:10.636281,0000000000000003-0000000000000002,2,4,47.43,0.0
2026-09-10T02:00:10.658321,0000000000000001-0000000000000003,3,1,47.43,0.0
2026-09-10T02:00:10.678091,0000000000000002-0000000000000003,4,2,47.43,0.0
2026-09-10T02:00:10.701401,0000000000000004-0000000000000003,3,3,75.09,0.0
2026-09-10T02:00:10.726776,0000000000000004-0000000000000002,2,3,47.43,0.0
2026-09-10T02:00:10.746709,0000000000000004-0000000000000001,1,4,47.43,0.0
2026-09-10T02:00:10.771453,0000000000000003-0000000000000004,3,3,47.43,0.0
2026-09-10T02:00:10.791952,0000000000000002-0000000000000004,3,2,75.09,0.0
2026-09-10T02:00:10.815876,0000000000000001-0000000000000004,4,1,47.43,0.0
2026-09-10T02:00:10.838055,0000000000000005-0000000000000004,3,5,47.43,0.0
2026-09-10T02:00:10.861074,0000000000000005-0000000000000003,2,4,75.09,0.0
2026-09-10T02:00:10.884054,0000000000000004-0000000000000005,5,3,47.43,0.0
2026-09-10T02:00:10.903712,0000000000000003-0000000000000005,4,2,47.43,0.0
2026-09-10T02:00:10.926447,0000000000000006-0000000000000003,2,5,23.71,0.0
2026-09-10T02:00:10.951140,0000000000000006-0000000000000005,4,4,51.38,0.0
2026-09-10T02:00:10.973392,0000000000000006-0000000000000004,3,4,75.09,0.0
2026-09-10T02:00:10.996682,0000000000000003-0000000000000006,5,2,47.43,0.0
2026-09-10T02:00:11.018122,0000000000000005-0000000000000006,4,4,47.43,0.0
2026-09-10T02:00:11.039727,0000000000000004-0000000000000006,4,3,47.43,0.0
2026-09-10T02:00:13.122669,0000000000000002-0000000000000001,2,2,46.77,0.0
2026-09-10T02:00:13.147332,0000000000000001-0000000000000002,2,2,46.77,0.0
2026-09-10T02:00:13.169085,0000000000000003-0000000000000001,1,3,46.77,0.0
2026-09-10T02:00:13.193794,0000000000000003-0000000000000002,2,4,46.77,0.0
2026-09-10T02:00:13.217962,0000000000000001-0000000000000003,3,1,46.77,0.0
2026-09-10T02:00:13.243624,0000000000000002-0000000000000003,4,2,46.77,0.0
2026-09-10T02:00:13.265510,0000000000000004-0000000000000003,3,3,46.77,0.0
2026-09-10T02:00:13.287122,0000000000000004-0000000000000002,2,3,46.77,0.0
2026-09-10T02:00:13.307033,0000000000000004-0000000000000001,1,4,46.77,0.0
2026-09-10T02:00:13.329725,0000000000000003-0000000000000004,3,3,46.77,0.0
2026-09-10T02:00:13.349478,0000000000000002-0000000000000004,3,2,46.77,0.0
2026-09-10T02:00:13.370840,0000000000000001-0000000000000004,4,1,46.77,0.0
2026-09-10T02:00:13.390200,0000000000000005-0000000000000004,3,5,46.77,0.0
2026-09-10T02:00:13.411585,0000000000000005-0000000000000003,2,4,46.77,0.0
2026-09-10T02:00:13.431618,0000000000000004-0000000000000005,5,3,46.77,0.0
2026-09-10T02:00:13.452758,0000000000000003-0000000000000005,4,2,23.38,0.0
2026-09-10T02:00:13.472035,0000000000000006-0000000000000003,2,5,46.77,0.0
2026-09-10T02:00:13.493889,0000000000000006-0000000000000005,4,4,46.77,0.0
2026-09-10T02:00:13.513571,0000000000000006-0000000000000004,3,4,23.38,0.0
2026-09-10T02:00:13.535553,0000000000000003-0000000000000006,5,2,46.77,0.0
2026-09-10T02:00:13.555978,0000000000000005-0000000000000006,4,4,46.77,0.0
2026-09-10T02:00:13.578061,0000000000000004-0000000000000006,4,3,46.77,0.0
2026-09-10T02:00:15.672726,0000000000000002-0000000000000001,2,2,47.06,0.0
2026-09-10T02:00:15.696194,0000000000000001-0000000000000002,2,2,47.06,0.0
2026-09-10T02:00:15.721500,0000000000000003-0000000000000001,1,3,47.06,0.0
2026-09-10T02:00:15.745932,0000000000000003-0000000000000002,2,4,47.06,0.0
2026-09-10T02:00:15.768925,0000000000000001-0000000000000003,3,1,47.06,0.0
2026-09-10T02:00:15.793373,0000000000000002-0000000000000003,4,2,47.06,0.0
2026-09-10T02:00:15.815110,0000000000000004-0000000000000003,3,3,47.06,0.0
2026-09-10T02:00:15.837488,0000000000000004-0000000000000002,2,3,47.06,0.0
2026-09-10T02:00:15.857775,0000000000000004-0000000000000001,1,4,47.06,0.0
2026-09-10T02:00:15.880521,0000000000000003-0000000000000004,3,3,47.06,0.0
2026-09-10T02:00:15.905314,0000000000000002-0000000000000004,3,2,47.06,0.0
2026-09-10T02:00:15.925993,0000000000000001-0000000000000004,4,1,47.06,0.0
2026-09-10T02:00:15.947738,0000000000000005-0000000000000004,3,5,47.06,0.0
2026-09-10T02:00:15.971700,0000000000000005-0000000000000003,2,4,47.06,0.0
2026-09-10T02:00:15.991913,0000000000000004-0000000000000005,5,3,23.53,0.0
2026-09-10T02:00:16.012124,0000000000000003-0000000000000005,4,2,47.06,0.0
2026-09-10T02:00:16.036182,0000000000000006-0000000000000003,2,5,47.06,0.0
2026-09-10T02:00:16.059819,0000000000000006-0000000000000005,4,4,47.06,0.0
2026-09-10T02:00:16.086216,0000000000000006-0000000000000004,3,4,47.06,0.0
2026-09-10T02:00:16.109139,0000000000000003-0000000000000006,5,2,47.06,0.0
2026-09-10T02:00:16.130587,0000000000000005-0000000000000006,4,4,47.06,0.0
2026-09-10T02:00:16.155228,0000000000000004-0000000000000006,4,3,47.06,0.0
2026-09-10T02:00:18.275845,0000000000000002-0000000000000001,2,2,46.1,0.0
2026-09-10T02:00:18.306516,0000000000000001-0000000000000002,2,2,46.1,0.0
2026-09-10T02:00:18.331237,0000000000000003-0000000000000001,1,3,46.1,0.0
2026-09-10T02:00:18.354694,0000000000000003-0000000000000002,2,4,46.1,0.0
2026-09-10T02:00:18.382222,0000000000000001-0000000000000003,3,1,46.1,0.0
2026-09-10T02:00:18.404105,0000000000000002-0000000000000003,4,2,46.1,0.0
2026-09-10T02:00:18.423289,0000000000000004-0000000000000003,3,3,46.1,0.0
2026-09-10T02:00:18.442283,0000000000000004-0000000000000002,2,3,46.1,0.0
2026-09-10T02:00:18.459899,0000000000000004-0000000000000001,1,4,46.1,0.0
2026-09-10T02:00:18.479227,0000000000000003-0000000000000004,3,3,46.1,0.0
2026-09-10T02:00:18.497471,0000000000000002-0000000000000004,3,2,46.1,0.0
2026-09-10T02:00:18.515463,0000000000000001-0000000000000004,4,1,23.05,0.0
2026-09-10T02:00:18.540474,0000000000000005-0000000000000004,3,5,46.1,0.0
2026-09-10T02:00:18.558801,0000000000000005-0000000000000003,2,4,23.05,0.0
2026-09-10T02:00:18.577965,0000000000000004-0000000000000005,5,3,46.1,0.0
2026-09-10T02:00:18.602288,0000000000000003-0000000000000005,4,2,46.1,0.0
2026-09-10T02:00:18.635316,0000000000000006-0000000000000003,2,5,46.1,0.0
2026-09-10T02:00:18.667245,0000000000000006-0000000000000005,4,4,46.1,0.0
2026-09-10T02:00:18.686923,0000000000000006-0000000000000004,3,4,46.1,0.0
2026-09-10T02:00:18.705209,0000000000000003-0000000000000006,5,2,46.1,0.0
2026-09-10T02:00:18.728113,0000000000000005-0000000000000006,4,4,46.1,0.0
2026-09-10T02:00:18.746226,0000000000000004-0000000000000006,4,3,46.1,0.0
2026-09-10T02:00:20.839053,0000000000000002-0000000000000001,2,2,46.82,0.0
2026-09-10T02:00:20.862863,0000000000000001-0000000000000002,2,2,46.82,0.0
2026-09-10T02:00:20.889826,0000000000000003-0000000000000001,1,3,46.82,0.0
2026-09-10T02:00:20.915251,0000000000000003-0000000000000002,2,4,46.82,0.0
2026-09-10T02:00:20.944978,0000000000000001-0000000000000003,3,1,46.82,0.0
2026-09-10T02:00:20.971186,0000000000000002-0000000000000003,4,2,46.82,0.0
2026-09-10T02:00:20.992720,0000000000000004-0000000000000003,3,3,46.82,0.0
2026-09-10T02:00:21.015794,0000000000000004-0000000000000002,2,3,46.82,0.0
2026-09-10T02:00:21.037115,0000000000000004-0000000000000001,1,4,46.82,0.0
2026-09-10T02:00:21.060683,0000000000000003-0000000000000004,3,3,46.82,0.0
2026-09-10T02:00:21.081873,0000000000000002-0000000000000004,3,2,23.41,0.0
2026-09-10T02:00:21.102507,0000000000000001-0000000000000004,4,1,46.82,0.0
2026-09-10T02:00:21.122811,0000000000000005-0000000000000004,3,5,23.41,0.0
2026-09-10T02:00:21.145086,0000000000000005-0000000000000003,2,4,46.82,0.0
2026-09-10T02:00:21.170461,0000000000000004-0000000000000005,5,3,46.82,0.0
2026-09-10T02:00:21.193560,0000000000000003-0000000000000005,4,2,46.82,0.0
2026-09-10T02:00:21.213727,0000000000000006-0000000000000003,2,5,46.82,0.0
2026-09-10T02:00:21.236127,0000000000000006-0000000000000005,4,4,46.82,0.0
2026-09-10T02:00:21.257455,0000000000000006-0000000000000004,3,4,46.82,0.0
2026-09-10T02:00:21.279590,0000000000000003-0000000000000006,5,2,46.82,0.0
2026-09-10T02:00:21.302250,0000000000000005-0000000000000006,4,4,46.82,0.0
2026-09-10T02:00:21.322149,0000000000000004-0000000000000006,4,3,46.82,0.0
2026-09-10T02:00:23.409554,0000000000000002-0000000000000001,2,2,46.68,0.0
2026-09-10T02:00:23.440518,0000000000000001-0000000000000002,2,2,46.68,0.0
2026-09-10T02:00:23.461212,0000000000000003-0000000000000001,1,3,46.68,0.0
2026-09-10T02:00:23.483134,0000000000000003-0000000000000002,2,4,46.68,0.0
2026-09-10T02:00:23.504736,0000000000000001-0000000000000003,3,1,46.68,0.0
2026-09-10T02:00:23.526826,0000000000000002-0000000000000003,4,2,46.68,0.0
2026-09-10T02:00:23.551286,0000000000000004-0000000000000003,3,3,46.68,0.0
2026-09-10T02:00:23.571126,0000000000000004-0000000000000002,2,3,46.68,0.0
2026-09-10T02:00:23.598429,0000000000000004-0000000000000001,1,4,46.68,0.0
2026-09-10T02:00:23.625992,0000000000000003-0000000000000004,3,3,23.34,0.0
2026-09-10T02:00:23.654658,0000000000000002-0000000000000004,3,2,46.68,0.0
2026-09-10T02:00:23.677603,0000000000000001-0000000000000004,4,1,46.68,0.0
2026-09-10T02:00:23.708615,0000000000000005-0000000000000004,3,5,46.68,0.0
2026-09-10T02:00:23.735659,0000000000000005-0000000000000003,2,4,46.68,0.0
2026-09-10T02:00:23.758802,0000000000000004-0000000000000005,5,3,46.68,0.0
2026-09-10T02:00:23.782599,0000000000000003-0000000000000005,4,2,46.68,0.0
2026-09-10T02:00:23.803232,0000000000000006-0000000000000003,2,5,46.68,0.0
2026-09-10T02:00:23.827653,0000000000000006-0000000000000005,4,4,46.68,0.0
2026-09-10T02:00:23.848010,0000000000000006-0000000000000004,3,4,46.68,0.0
2026-09-10T02:00:23.870715,0000000000000003-0000000000000006,5,2,46.68,0.0
2026-09-10T02:00:23.897712,0000000000000005-0000000000000006,4,4,46.68,0.0
2026-09-10T02:00:23.918761,0000000000000004-0000000000000006,4,3,46.68,0.0
2026-09-10T02:00:26.009668,0000000000000002-0000000000000001,2,2,46.18,0.0
2026-09-10T02:00:26.041289,0000000000000001-0000000000000002,2,2,46.18,0.0
2026-09-10T02:00:26.065881,0000000000000003-0000000000000001,1,3,46.18,0.0
2026-09-10T02:00:26.091915,0000000000000003-0000000000000002,2,4,46.18,0.0
2026-09-10T02:00:26.119105,0000000000000001-0000000000000003,3,1,46.18,0.0
2026-09-10T02:00:26.141507,0000000000000002-0000000000000003,4,2,46.18,0.0
2026-09-10T02:00:26.167314,0000000000000004-0000000000000003,3,3,46.18,0.0
2026-09-10T02:00:26.193729,0000000000000004-0000000000000002,2,3,23.09,0.0
2026-09-10T02:00:26.215086,0000000000000004-0000000000000001,1,4,23.09,0.0
2026-09-10T02:00:26.243537,0000000000000003-0000000000000004,3,3,46.18,0.0
2026-09-10T02:00:26.268927,0000000000000002-0000000000000004,3,2,46.18,0.0
2026-09-10T02:00:26.293815,0000000000000001-0000000000000004,4,1,46.18,0.0
2026-09-10T02:00:26.324979,0000000000000005-0000000000000004,3,5,46.18,0.0
2026-09-10T02:00:26.345804,0000000000000005-0000000000000003,2,4,46.18,0.0
2026-09-10T02:00:26.370631,0000000000000004-0000000000000005,5,3,46.18,0.0
2026-09-10T02:00:26.395754,0000000000000003-0000000000000005,4,2,46.18,0.0
2026-09-10T02:00:26.416695,0000000000000006-0000000000000003,2,5,46.18,0.0
2026-09-10T02:00:26.436927,0000000000000006-0000000000000005,4,4,46.18,0.0
2026-09-10T02:00:26.459697,0000000000000006-0000000000000004,3,4,46.18,0.0
2026-09-10T02:00:26.480797,0000000000000003-0000000000000006,5,2,46.18,0.0
2026-09-10T02:00:26.501793,0000000000000005-0000000000000006,4,4,46.18,0.0
2026-09-10T02:00:26.530193,0000000000000004-0000000000000006,4,3,46.18,0.0
2026-09-10T02:00:28.610059,0000000000000002-0000000000000001,2,2,46.12,0.0
2026-09-10T02:00:28.634042,0000000000000001-0000000000000002,2,2,46.12,0.0
2026-09-10T02:00:28.656842,0000000000000003-0000000000000001,1,3,46.12,0.0
2026-09-10T02:00:28.678784,0000000000000003-0000000000000002,2,4,46.12,0.0
2026-09-10T02:00:28.697512,0000000000000001-0000000000000003,3,1,46.12,0.0
2026-09-10T02:00:28.714016,0000000000000002-0000000000000003,4,2,73.03,0.0
2026-09-10T02:00:28.732183,0000000000000004-0000000000000003,3,3,23.06,0.0
2026-09-10T02:00:28.750311,0000000000000004-0000000000000002,2,3,46.12,0.0
2026-09-10T02:00:28.768046,0000000000000004-0000000000000001,1,4,46.12,0.0
2026-09-10T02:00:28.791466,0000000000000003-0000000000000004,3,3,73.03,0.0
2026-09-10T02:00:28.811023,0000000000000002-0000000000000004,3,2,46.12,0.0
2026-09-10T02:00:28.829608,0000000000000001-0000000000000004,4,1,73.03,0.0
2026-09-10T02:00:28.849738,0000000000000005-0000000000000004,3,5,46.12,0.0
2026-09-10T02:00:28.868194,0000000000000005-0000000000000003,2,4,46.12,0.0
2026-09-10T02:00:28.889645,0000000000000004-0000000000000005,5,3,46.12,0.0
2026-09-10T02:00:28.907946,0000000000000003-0000000000000005,4,2,46.12,0.0
2026-09-10T02:00:28.927012,0000000000000006-0000000000000003,2,5,46.12,0.0
2026-09-10T02:00:28.947148,0000000000000006-0000000000000005,4,4,46.12,0.0
2026-09-10T02:00:28.966293,0000000000000006-0000000000000004,3,4,46.12,0.0
2026-09-10T02:00:28.989754,0000000000000003-0000000000000006,5,2,46.12,0.0
2026-09-10T02:00:29.015092,0000000000000005-0000000000000006,4,4,73.03,0.0
2026-09-10T02:00:29.033992,0000000000000004-0000000000000006,4,3,46.12,0.0
2026-09-10T02:00:31.117799,0000000000000002-0000000000000001,2,2,47.86,0.0
2026-09-10T02:00:31.141940,0000000000000001-0000000000000002,2,2,47.86,0.0
2026-09-10T02:00:31.164250,0000000000000003-0000000000000001,1,3,23.93,0.0
2026-09-10T02:00:31.184936,0000000000000003-0000000000000002,2,4,47.86,0.0
2026-09-10T02:00:31.204589,0000000000000001-0000000000000003,3,1,23.93,0.0
2026-09-10T02:00:31.227452,0000000000000002-0000000000000003,4,2,23.93,0.0
2026-09-10T02:00:31.247887,0000000000000004-0000000000000003,3,3,47.86,0.0
2026-09-10T02:00:31.266429,0000000000000004-0000000000000002,2,3,47.86,0.0
2026-09-10T02:00:31.287864,0000000000000004-0000000000000001,1,4,47.86,0.0
2026-09-10T02:00:31.306450,0000000000000003-0000000000000004,3,3,47.86,0.0
2026-09-10T02:00:31.325928,0000000000000002-0000000000000004,3,2,47.86,0.0
2026-09-10T02:00:31.347278,0000000000000001-0000000000000004,4,1,47.86,0.0
2026-09-10T02:00:31.365931,0000000000000005-0000000000000004,3,5,47.86,0.0
2026-09-10T02:00:31.386404,0000000000000005-0000000000000003,2,4,47.86,0.0
2026-09-10T02:00:31.405599,0000000000000004-0000000000000005,5,3,47.86,0.0
2026-09-10T02:00:31.425652,0000000000000003-0000000000000005,4,2,47.86,0.0
2026-09-10T02:00:31.446261,0000000000000006-0000000000000003,2,5,47.86,0.0
2026-09-10T02:00:31.465674,0000000000000006-0000000000000005,4,4,47.86,0.0
2026-09-10T02:00:31.487957,0000000000000006-0000000000000004,3,4,47.86,0.0
2026-09-10T02:00:31.512260,0000000000000003-0000000000000006,5,2,47.86,0.0
2026-09-10T02:00:31.530698,0000000000000005-0000000000000006,4,4,47.86,0.0
2026-09-10T02:00:31.549969,0000000000000004-0000000000000006,4,3,47.86,0.0
2026-09-10T02:00:33.650210,0000000000000002-0000000000000001,2,2,47.47,0.0
2026-09-10T02:00:33.672005,0000000000000001-0000000000000002,2,2,23.73,0.0
2026-09-10T02:00:33.689941,0000000000000003-0000000000000001,1,3,47.47,0.0
2026-09-10T02:00:33.708694,0000000000000003-0000000000000002,2,4,23.73,0.0
2026-09-10T02:00:33.727642,0000000000000001-0000000000000003,3,1,47.47,0.0
2026-09-10T02:00:33.747428,0000000000000002-0000000000000003,4,2,47.47,0.0
2026-09-10T02:00:33.770139,0000000000000004-0000000000000003,3,3,47.47,0.0
2026-09-10T02:00:33.788118,0000000000000004-0000000000000002,2,3,47.47,0.0
2026-09-10T02:00:33.809648,0000000000000004-0000000000000001,1,4,47.47,0.0
2026-09-10T02:00:33.833631,0000000000000003-0000000000000004,3,3,47.47,0.0
2026-09-10T02:00:33.852948,0000000000000002-0000000000000004,3,2,47.47,0.0
2026-09-10T02:00:33.876673,0000000000000001-0000000000000004,4,1,47.47,0.0
2026-09-10T02:00:33.901194,0000000000000005-0000000000000004,3,5,47.47,0.0
2026-09-10T02:00:33.923524,0000000000000005-0000000000000003,2,4,47.47,0.0
2026-09-10T02:00:33.944174,0000000000000004-0000000000000005,5,3,47.47,0.0
2026-09-10T02:00:33.969314,0000000000000003-0000000000000005,4,2,47.47,0.0
2026-09-10T02:00:33.994969,0000000000000006-0000000000000003,2,5,47.47,0.0
2026-09-10T02:00:34.025507,0000000000000006-0000000000000005,4,4,47.47,0.0
2026-09-10T02:00:34.057959,0000000000000006-0000000000000004,3,4,47.47,0.0
2026-09-10T02:00:34.079298,0000000000000003-0000000000000006,5,2,47.47,0.0
2026-09-10T02:00:34.102419,0000000000000005-0000000000000006,4,4,47.47,0.0
2026-09-10T02:00:34.123479,0000000000000004-0000000000000006,4,3,47.47,0.0
2026-09-10T02:00:36.210941,0000000000000002-0000000000000001,2,2,23.39,0.0
2026-09-10T02:00:36.239773,0000000000000001-0000000000000002,2,2,46.77,0.0
2026-09-10T02:00:36.265954,0000000000000003-0000000000000001,1,3,46.77,0.0
2026-09-10T02:00:36.291781,0000000000000003-0000000000000002,2,4,46.77,0.0
2026-09-10T02:00:36.316159,0000000000000001-0000000000000003,3,1,46.77,0.0
2026-09-10T02:00:36.341061,0000000000000002-0000000000000003,4,2,46.77,0.0
2026-09-10T02:00:36.366928,0000000000000004-0000000000000003,3,3,46.77,0.0
2026-09-10T02:00:36.390667,0000000000000004-0000000000000002,2,3,46.77,0.0
2026-09-10T02:00:36.419796,0000000000000004-0000000000000001,1,4,46.77,0.0
2026-09-10T02:00:36.448640,0000000000000003-0000000000000004,3,3,46.77,0.0
2026-09-10T02:00:36.474873,0000000000000002-0000000000000004,3,2,46.77,0.0
2026-09-10T02:00:36.504390,0000000000000001-0000000000000004,4,1,46.77,0.0
2026-09-10T02:00:36.534654,0000000000000005-0000000000000004,3,5,46.77,0.0
2026-09-10T02:00:36.563606,0000000000000005-0000000000000003,2,4,46.77,0.0
2026-09-10T02:00:36.590269,0000000000000004-0000000000000005,5,3,46.77,0.0
2026-09-10T02:00:36.624005,0000000000000003-0000000000000005,4,2,46.77,0.0
2026-09-10T02:00:36.649123,0000000000000006-0000000000000003,2,5,46.77,0.0
2026-09-10T02:00:36.676274,0000000000000006-0000000000000005,4,4,46.77,0.0
2026-09-10T02:00:36.700560,0000000000000006-0000000000000004,3,4,46.77,0.0
2026-09-10T02:00:36.730371,0000000000000003-0000000000000006,5,2,46.77,0.0
2026-09-10T02:00:36.757228,0000000000000005-0000000000000006,4,4,46.77,0.0
2026-09-10T02:00:36.784784,0000000000000004-0000000000000006,4,3,46.77,0.0
2026-09-10T02:00:38.866381,0000000000000002-0000000000000001,2,2,45.2,0.0
2026-09-10T02:00:38.893578,0000000000000001-0000000000000002,2,2,45.2,0.0
2026-09-10T02:00:38.919170,0000000000000003-0000000000000001,1,3,45.2,0.0
2026-09-10T02:00:38.944457,0000000000000003-0000000000000002,2,4,45.2,0.0
2026-09-10T02:00:38.971798,0000000000000001-0000000000000003,3,1,45.2,0.0
2026-09-10T02:00:38.995598,0000000000000002-0000000000000003,4,2,45.2,0.0
2026-09-10T02:00:39.019119,0000000000000004-0000000000000003,3,3,45.2,0.0
2026-09-10T02:00:39.047501,0000000000000004-0000000000000002,2,3,45.2,0.0
2026-09-10T02:00:39.071201,0000000000000004-0000000000000001,1,4,45.2,0.0
2026-09-10T02:00:39.100755,0000000000000003-0000000000000004,3,3,45.2,0.0
2026-09-10T02:00:39.127699,0000000000000002-0000000000000004,3,2,45.2,0.0
2026-09-10T02:00:39.153444,0000000000000001-0000000000000004,4,1,45.2,0.0
2026-09-10T02:00:39.178253,0000000000000005-0000000000000004,3,5,45.2,0.0
2026-09-10T02:00:39.204800,0000000000000005-0000000000000003,2,4,45.2,0.0
2026-09-10T02:00:39.233932,0000000000000004-0000000000000005,5,3,45.2,0.0
2026-09-10T02:00:39.263450,0000000000000003-0000000000000005,4,2,45.2,0.0
2026-09-10T02:00:39.288556,0000000000000006-0000000000000003,2,5,45.2,0.0
2026-09-10T02:00:39.319264,0000000000000006-0000000000000005,4,4,45.2,0.0
2026-09-10T02:00:39.343412,0000000000000006-0000000000000004,3,4,45.2,0.0
2026-09-10T02:00:39.370228,0000000000000003-0000000000000006,5,2,45.2,0.0
2026-09-10T02:00:39.394451,0000000000000005-0000000000000006,4,4,45.2,0.0
2026-09-10T02:00:39.419733,0000000000000004-0000000000000006,4,3,45.2,0.0
2026-09-10T02:00:41.503587,0000000000000002-0000000000000001,2,2,45.5,0.0
2026-09-10T02:00:41.533769,0000000000000001-0000000000000002,2,2,45.5,0.0
2026-09-10T02:00:41.560735,0000000000000003-0000000000000001,1,3,45.5,0.0
2026-09-10T02:00:41.588178,0000000000000003-0000000000000002,2,4,45.5,0.0
2026-09-10T02:00:41.618507,0000000000000001-0000000000000003,3,1,45.5,0.0
2026-09-10T02:00:41.645673,0000000000000002-0000000000000003,4,2,45.5,0.0
2026-09-10T02:00:41.670455,0000000000000004-0000000000000003,3,3,45.5,0.0
2026-09-10T02:00:41.699241,0000000000000004-0000000000000002,2,3,45.5,0.0
2026-09-10T02:00:41.725382,0000000000000004-0000000000000001,1,4,45.5,0.0
2026-09-10T02:00:41.750384,0000000000000003-0000000000000004,3,3,45.5,0.0
2026-09-10T02:00:41.778501,0000000000000002-0000000000000004,3,2,45.5,0.0
2026-09-10T02:00:41.803188,0000000000000001-0000000000000004,4,1,45.5,0.0
2026-09-10T02:00:41.827628,0000000000000005-0000000000000004,3,5,45.5,0.0
2026-09-10T02:00:41.856210,0000000000000005-0000000000000003,2,4,45.5,0.0
2026-09-10T02:00:41.887837,0000000000000004-0000000000000005,5,3,45.5,0.0
2026-09-10T02:00:41.918226,0000000000000003-0000000000000005,4,2,45.5,0.0
2026-09-10T02:00:41.944520,0000000000000006-0000000000000003,2,5,45.5,0.0
2026-09-10T02:00:41.975700,0000000000000006-0000000000000005,4,4,45.5,0.0
2026-09-10T02:00:42.004579,0000000000000006-0000000000000004,3,4,45.5,0.0
2026-09-10T02:00:42.028733,0000000000000003-0000000000000006,5,2,45.5,0.0
2026-09-10T02:00:42.055672,0000000000000005-0000000000000006,4,4,45.5,0.0
2026-09-10T02:00:42.081811,0000000000000004-0000000000000006,4,3,22.75,0.0
2026-09-10T02:00:44.170563,0000000000000002-0000000000000001,2,2,44.99,0.0
2026-09-10T02:00:44.196133,0000000000000001-0000000000000002,2,2,44.99,0.0
2026-09-10T02:00:44.221754,0000000000000003-0000000000000001,1,3,44.99,0.0
2026-09-10T02:00:44.245699,0000000000000003-0000000000000002,2,4,44.99,0.0
2026-09-10T02:00:44.273050,0000000000000001-0000000000000003,3,1,44.99,0.0
2026-09-10T02:00:44.296123,0000000000000002-0000000000000003,4,2,44.99,0.0
2026-09-10T02:00:44.325359,0000000000000004-0000000000000003,3,3,44.99,0.0
2026-09-10T02:00:44.349463,0000000000000004-0000000000000002,2,3,44.99,0.0
2026-09-10T02:00:44.367766,0000000000000004-0000000000000001,1,4,44.99,0.0
2026-09-10T02:00:44.386747,0000000000000003-0000000000000004,3,3,44.99,0.0
2026-09-10T02:00:44.404798,0000000000000002-0000000000000004,3,2,44.99,0.0
2026-09-10T02:00:44.423948,0000000000000001-0000000000000004,4,1,44.99,0.0
2026-09-10T02:00:44.441290,0000000000000005-0000000000000004,3,5,44.99,0.0
2026-09-10T02:00:44.459989,0000000000000005-0000000000000003,2,4,44.99,0.0
2026-09-10T02:00:44.478228,0000000000000004-0000000000000005,5,3,71.24,0.0
2026-09-10T02:00:44.498369,0000000000000003-0000000000000005,4,2,44.99,0.0
2026-09-10T02:00:44.521323,0000000000000006-0000000000000003,2,5,44.99,0.0
2026-09-10T02:00:44.543196,0000000000000006-0000000000000005,4,4,44.99,0.0
2026-09-10T02:00:44.564696,0000000000000006-0000000000000004,3,4,44.99,0.0
2026-09-10T02:00:44.582553,0000000000000003-0000000000000006,5,2,44.99,0.0
2026-09-10T02:00:44.603026,0000000000000005-0000000000000006,4,4,44.99,0.0
2026-09-10T02:00:44.624754,0000000000000004-0000000000000006,4,3,44.99,0.0
2026-09-10T02:00:46.709423,0000000000000002-0000000000000001,2,2,47.27,0.0
2026-09-10T02:00:46.734843,0000000000000001-0000000000000002,2,2,47.27,0.0
2026-09-10T02:00:46.755046,0000000000000003-0000000000000001,1,3,47.27,0.0
2026-09-10T02:00:46.773747,0000000000000003-0000000000000002,2,4,47.27,0.0
2026-09-10T02:00:46.793557,0000000000000001-0000000000000003,3,1,47.27,0.0
2026-09-10T02:00:46.814944,0000000000000002-0000000000000003,4,2,47.27,0.0
2026-09-10T02:00:46.834122,0000000000000004-0000000000000003,3,3,47.27,0.0
2026-09-10T02:00:46.853041,0000000000000004-0000000000000002,2,3,47.27,0.0
2026-09-10T02:00:46.874521,0000000000000004-0000000000000001,1,4,47.27,0.0
2026-09-10T02:00:46.893803,0000000000000003-0000000000000004,3,3,47.27,0.0
2026-09-10T02:00:46.914611,0000000000000002-0000000000000004,3,2,47.27,0.0
2026-09-10T02:00:46.933990,0000000000000001-0000000000000004,4,1,47.27,0.0
2026-09-10T02:00:46.954294,0000000000000005-0000000000000004,3,5,47.27,0.0
2026-09-10T02:00:46.974374,0000000000000005-0000000000000003,2,4,47.27,0.0
2026-09-10T02:00:46.994169,0000000000000004-0000000000000005,5,3,47.27,0.0
2026-09-10T02:00:47.013841,0000000000000003-0000000000000005,4,2,47.27,0.0
2026-09-10T02:00:47.033747,0000000000000006-0000000000000003,2,5,47.27,0.0
2026-09-10T02:00:47.054857,0000000000000006-0000000000000005,4,4,47.27,0.0
2026-09-10T02:00:47.072097,0000000000000006-0000000000000004,3,4,47.27,0.0
2026-09-10T02:00:47.090175,0000000000000003-0000000000000006,5,2,23.63,0.0
2026-09-10T02:00:47.109951,0000000000000005-0000000000000006,4,4,23.63,0.0
2026-09-10T02:00:47.129322,0000000000000004-0000000000000006,4,3,47.27,0.0
2026-09-10T02:00:49.217470,0000000000000002-0000000000000001,2,2,47.85,0.0
2026-09-10T02:00:49.237854,0000000000000001-0000000000000002,2,2,47.85,0.0
2026-09-10T02:00:49.255732,0000000000000003-0000000000000001,1,3,47.85,0.0
2026-09-10T02:00:49.275421,0000000000000003-0000000000000002,2,4,47.85,0.0
2026-09-10T02:00:49.300141,0000000000000001-0000000000000003,3,1,47.85,0.0
2026-09-10T02:00:49.321408,0000000000000002-0000000000000003,4,2,47.85,0.0
2026-09-10T02:00:49.343708,0000000000000004-0000000000000003,3,3,47.85,0.0
2026-09-10T02:00:49.362119,0000000000000004-0000000000000002,2,3,47.85,0.0
2026-09-10T02:00:49.382541,0000000000000004-0000000000000001,1,4,47.85,0.0
2026-09-10T02:00:49.402154,0000000000000003-0000000000000004,3,3,47.85,0.0
2026-09-10T02:00:49.420871,0000000000000002-0000000000000004,3,2,47.85,0.0
2026-09-10T02:00:49.441220,0000000000000001-0000000000000004,4,1,47.85,0.0
2026-09-10T02:00:49.462514,0000000000000005-0000000000000004,3,5,47.85,0.0
2026-09-10T02:00:49.483140,0000000000000005-0000000000000003,2,4,47.85,0.0
2026-09-10T02:00:49.503600,0000000000000004-0000000000000005,5,3,47.85,0.0
2026-09-10T02:00:49.528486,0000000000000003-0000000000000005,4,2,47.85,0.0
2026-09-10T02:00:49.547787,0000000000000006-0000000000000003,2,5,23.93,0.0
2026-09-10T02:00:49.568832,0000000000000006-0000000000000005,4,4,23.93,0.0
2026-09-10T02:00:49.592667,0000000000000006-0000000000000004,3,4,47.85,0.0
2026-09-10T02:00:49.614100,0000000000000003-0000000000000006,5,2,47.85,0.0
2026-09-10T02:00:49.636993,0000000000000005-0000000000000006,4,4,47.85,0.0
2026-09-10T02:00:49.660172,0000000000000004-0000000000000006,4,3,47.85,0.0
2026-09-10T02:00:51.759658,0000000000000002-0000000000000001,2,2,47.22,0.0
2026-09-10T02:00:51.784227,0000000000000001-0000000000000002,2,2,47.22,0.0
2026-09-10T02:00:51.808658,0000000000000003-0000000000000001,1,3,47.22,0.0
2026-09-10T02:00:51.832413,0000000000000003-0000000000000002,2,4,47.22,0.0
2026-09-10T02:00:51.859249,0000000000000001-0000000000000003,3,1,47.22,0.0
2026-09-10T02:00:51.883457,0000000000000002-0000000000000003,4,2,47.22,0.0
2026-09-10T02:00:51.906979,0000000000000004-0000000000000003,3,3,47.22,0.0
2026-09-10T02:00:51.931052,0000000000000004-0000000000000002,2,3,47.22,0.0
2026-09-10T02:00:51.954085,0000000000000004-0000000000000001,1,4,47.22,0.0
2026-09-10T02:00:51.979167,0000000000000003-0000000000000004,3,3,47.22,0.0
2026-09-10T02:00:52.003628,0000000000000002-0000000000000004,3,2,47.22,0.0
2026-09-10T02:00:52.025277,0000000000000001-0000000000000004,4,1,47.22,0.0
2026-09-10T02:00:52.048887,0000000000000005-0000000000000004,3,5,47.22,0.0
2026-09-10T02:00:52.070771,0000000000000005-0000000000000003,2,4,47.22,0.0
2026-09-10T02:00:52.092828,0000000000000004-0000000000000005,5,3,23.61,0.0
2026-09-10T02:00:52.116859,0000000000000003-0000000000000005,4,2,23.61,0.0
2026-09-10T02:00:52.135879,0000000000000006-0000000000000003,2,5,47.22,0.0
2026-09-10T02:00:52.158755,0000000000000006-0000000000000005,4,4,47.22,0.0
2026-09-10T02:00:52.177224,0000000000000006-0000000000000004,3,4,23.61,0.0
2026-09-10T02:00:52.197278,0000000000000003-0000000000000006,5,2,47.22,0.0
2026-09-10T02:00:52.214865,0000000000000005-0000000000000006,4,4,47.22,0.0
2026-09-10T02:00:52.232993,0000000000000004-0000000000000006,4,3,47.22,0.0
2026-09-10T02:00:54.369158,0000000000000002-0000000000000001,2,2,46.06,0.0
2026-09-10T02:00:54.402039,0000000000000001-0000000000000002,2,2,46.06,0.0
2026-09-10T02:00:54.422508,0000000000000003-0000000000000001,1,3,46.06,0.0
2026-09-10T02:00:54.441567,0000000000000003-0000000000000002,2,4,46.06,0.0
2026-09-10T02:00:54.463931,0000000000000001-0000000000000003,3,1,46.06,0.0
2026-09-10T02:00:54.485149,0000000000000002-0000000000000003,4,2,46.06,0.0
2026-09-10T02:00:54.506850,0000000000000004-0000000000000003,3,3,46.06,0.0
2026-09-10T02:00:54.526083,0000000000000004-0000000000000002,2,3,46.06,0.0
2026-09-10T02:00:54.544388,0000000000000004-0000000000000001,1,4,46.06,0.0
2026-09-10T02:00:54.565198,0000000000000003-0000000000000004,3,3,46.06,0.0
2026-09-10T02:00:54.587918,0000000000000002-0000000000000004,3,2,46.06,0.0
2026-09-10T02:00:54.609726,0000000000000001-0000000000000004,4,1,46.06,0.0
2026-09-10T02:00:54.632489,0000000000000005-0000000000000004,3,5,46.06,0.0
2026-09-10T02:00:54.660839,0000000000000005-0000000000000003,2,4,46.06,0.0
2026-09-10T02:00:54.689674,0000000000000004-0000000000000005,5,3,46.06,0.0
2026-09-10T02:00:54.710124,0000000000000003-0000000000000005,4,2,46.06,0.0
2026-09-10T02:00:54.729940,0000000000000006-0000000000000003,2,5,46.06,0.0
2026-09-10T02:00:54.747895,0000000000000006-0000000000000005,4,4,46.06,0.0
2026-09-10T02:00:54.769081,0000000000000006-0000000000000004,3,4,46.06,0.0
2026-09-10T02:00:54.792017,0000000000000003-0000000000000006,5,2,46.06,0.0
2026-09-10T02:00:54.813411,0000000000000005-0000000000000006,4,4,46.06,0.0
2026-09-10T02:00:54.833783,0000000000000004-0000000000000006,4,3,46.06,0.0
